﻿Event,Date,Attendance,Location,Duration,Status,Task
Meeting 1,"January 22, 2024 14:00 (GMT+8)","isaac ⁡⁢, Zhile Liang, 文翔 胡, mark lim, GENGXU LIN, Su Myat Swe",PSB Campus,2 h,Done,
Meeting 2,"January 29, 2024 16:00 (GMT+8)","isaac ⁡⁢, Zhile Liang, 文翔 胡, mark lim, GENGXU LIN, Su Myat Swe",PSB Campus,2 h,Done,
Meeting 3,"February 5, 2024 14:00 (GMT+8)","isaac ⁡⁢, Zhile Liang, 文翔 胡, mark lim, GENGXU LIN, Su Myat Swe",PSB Campus,1h 15m,Done,
Meeting 4,"February 19, 2024 10:00 (GMT+8)","isaac ⁡⁢, Zhile Liang, 文翔 胡, mark lim, GENGXU LIN, Su Myat Swe",PSB Campus,2 h,Done,
Meeting 5,"February 26, 2024 10:00 (GMT+8)","isaac ⁡⁢, Zhile Liang, 文翔 胡, mark lim, GENGXU LIN, Su Myat Swe",PSB Campus,1h 30m,Done,
Meeting 6,"March 2, 2024 19:00 (GMT+8)","isaac ⁡⁢, Zhile Liang, 文翔 胡, mark lim, GENGXU LIN, Su Myat Swe",Discord,30 min,Done,
Meeting 7,"March 4, 2024 12:00 (GMT+8)","isaac ⁡⁢, Zhile Liang, 文翔 胡, mark lim, GENGXU LIN, Su Myat Swe",PSB Campus,2h,Done,
Meeting 8,"March 11, 2024 12:00 (GMT+8)","isaac ⁡⁢, Zhile Liang, 文翔 胡, mark lim, GENGXU LIN, Su Myat Swe",PSB Campus,1h,Done,
Meeting 9,"March 18, 2024 13:00 (GMT+8)","isaac ⁡⁢, Zhile Liang, 文翔 胡, mark lim, GENGXU LIN, Su Myat Swe",PSB Campus,2h,Done,
Meeting 10,"March 23, 2024 15:00 (GMT+8)","isaac ⁡⁢, Zhile Liang, 文翔 胡, mark lim, GENGXU LIN",Discord,20min,Done,
Meeting 11,"April 1, 2024 12:00 (GMT+8)","isaac ⁡⁢, Zhile Liang, 文翔 胡, mark lim, GENGXU LIN",PSB Campus,1h 30m,Done,
Meeting 12,"March 24, 2024 18:00 (GMT+8)","isaac ⁡⁢, Zhile Liang, 文翔 胡, mark lim, GENGXU LIN",Discord,30m,Done,
Meeting 13,"March 25, 2024 12:00 (GMT+8)","isaac ⁡⁢, Zhile Liang, 文翔 胡, mark lim, GENGXU LIN",PSB Campus,2h,In progress,